age,gender,weight (KG),height (CM),BMI,daily steps,heart rate (BPM),calories burned
29,M,52,173,17.37,5510,76,501
40,F,52,175,16.98,5345,96,486
34,M,62,173,20.72,4510,89,410
45,F,72,180,22.22,5812,98,528
44,F,62,159,24.52,5779,93,525
59,F,62,184,18.31,4992,77,454
45,F,62,167,22.23,4662,75,424
37,M,62,167,22.23,5152,89,468
40,F,62,174,20.48,4808,70,437
30,F,72,181,21.98,5922,70,538
55,M,72,162,27.43,4789,83,435
52,M,52,161,20.06,4574,85,416
59,M,52,175,16.98,5658,102,514
30,M,62,172,20.96,4830,80,439
58,F,62,167,22.23,5866,90,533
43,F,52,182,15.7,5873,71,534
38,F,72,169,25.21,4539,60,413
50,F,52,176,16.79,5651,96,514
24,F,62,175,20.24,5281,102,480
46,F,62,177,19.79,4931,61,448
51,F,72,165,26.45,5064,87,460
48,M,72,183,21.5,5307,105,482
20,F,72,164,26.77,5644,71,513
24,M,72,160,28.13,5317,60,483
25,F,52,158,20.83,4949,101,450
60,M,72,183,21.5,4576,82,416
34,F,72,182,21.74,5071,105,461
21,F,72,166,26.13,5652,94,514
50,F,62,155,25.81,5116,93,465
47,F,72,183,21.5,4676,80,425
27,F,72,175,23.51,5868,60,533
48,M,62,169,21.71,5170,96,470
45,M,52,180,16.05,4821,86,438
57,F,72,182,21.74,4840,103,440
25,M,62,182,18.72,5528,68,503
27,F,72,164,26.77,4800,80,436
49,F,62,185,18.12,4723,94,429
29,M,72,158,28.84,5601,101,509
42,F,62,182,18.72,5660,67,515
45,F,62,177,19.79,5965,75,542
46,M,62,169,21.71,4947,67,450
58,F,52,184,15.36,4949,73,450
48,M,72,178,22.72,5274,83,479
39,M,52,168,18.42,4755,61,432
48,M,62,159,24.52,5800,66,527
41,F,72,184,21.27,5117,90,465
54,M,52,158,20.83,5154,62,469
57,F,52,161,20.06,5340,89,485
51,F,52,180,16.05,5454,62,496
26,M,62,181,18.92,4885,70,444
51,M,52,185,15.19,5570,93,506
22,F,72,160,28.13,5608,89,510
60,M,72,173,24.06,4757,91,432
36,M,72,166,26.13,4780,104,435
47,F,62,180,19.14,4576,63,416
45,M,72,157,29.21,4632,101,421
30,M,62,164,23.05,5242,83,477
34,F,62,177,19.79,5478,68,498
42,F,72,175,23.51,4767,89,433
38,F,62,157,25.15,4899,94,445
56,F,72,160,28.13,5965,90,542
53,F,72,158,28.84,5890,64,535
57,M,62,168,21.97,5781,77,526
23,M,62,172,20.96,5400,76,491
27,M,72,178,22.72,5033,70,458
33,F,72,179,22.47,4741,103,431
38,F,72,165,26.45,4785,82,435
28,F,62,163,23.34,4995,98,454
59,F,62,181,18.92,5196,104,472
58,F,52,179,16.23,4768,90,433
39,M,62,157,25.15,5157,100,469
30,F,72,161,27.78,4570,77,415
31,F,62,155,25.81,4975,75,452
58,M,62,176,20.02,5262,101,478
44,M,72,169,25.21,5160,82,469
54,M,52,185,15.19,5308,78,483
58,F,52,176,16.79,5015,93,456
26,M,62,168,21.97,4506,87,410
27,F,62,168,21.97,5673,77,516
49,M,72,160,28.13,5484,83,499
33,F,72,156,29.59,4976,63,452
52,M,72,163,27.1,5662,74,515
32,M,52,161,20.06,5367,85,488
42,M,52,156,21.37,4581,89,416
38,F,62,157,25.15,4742,103,431
45,F,72,169,25.21,5168,102,470
28,M,72,177,22.98,5914,89,538
35,M,72,170,24.91,5472,102,497
35,F,52,164,19.33,5836,61,531
52,M,62,157,25.15,5637,71,512
44,F,62,167,22.23,4568,79,415
60,M,62,178,19.57,4929,93,448
48,M,72,178,22.72,5611,96,510
55,M,62,162,23.62,5226,91,475
48,M,72,161,27.78,4808,88,437
58,M,72,178,22.72,5272,82,479
28,M,62,175,20.24,5363,96,488
38,F,62,156,25.48,5921,65,538
39,M,72,161,27.78,4976,91,452
52,M,62,170,21.45,5963,65,542
60,M,72,185,21.04,4861,76,442
49,F,62,179,19.35,5254,81,478
42,M,62,164,23.05,5816,102,529
55,F,52,158,20.83,4557,74,414
50,M,62,163,23.34,4952,105,450
42,F,52,167,18.65,4611,104,419
27,M,72,177,22.98,5827,83,530
40,F,52,177,16.6,5330,91,485
56,M,62,166,22.5,5531,67,503
41,M,52,181,15.87,5182,77,471
41,M,72,172,24.34,5000,81,455
35,M,52,161,20.06,4585,75,417
38,M,62,168,21.97,5663,92,515
26,M,62,155,25.81,5380,86,489
34,F,72,164,26.77,5145,68,468
52,M,72,172,24.34,5292,101,481
60,M,52,155,21.64,5199,70,473
45,M,72,172,24.34,5515,62,501
36,F,72,161,27.78,5194,75,472
42,M,52,183,15.53,5124,103,466
20,M,52,167,18.65,4957,67,451
38,M,62,155,25.81,5208,89,473
30,M,72,181,21.98,4911,92,446
53,M,72,161,27.78,5966,73,542
54,F,62,180,19.14,5281,102,480
34,F,72,178,22.72,5899,77,536
60,F,72,158,28.84,4782,70,435
57,M,72,164,26.77,5628,76,512
41,M,52,166,18.87,4624,96,420
36,M,72,182,21.74,4768,85,433
53,M,72,163,27.1,4729,89,430
32,M,72,185,21.04,4785,91,435
53,F,62,170,21.45,5685,79,517
25,F,72,157,29.21,4572,105,416
32,F,52,185,15.19,4817,67,438
44,F,62,166,22.5,5740,92,522
20,F,72,161,27.78,4593,96,418
54,M,72,177,22.98,4911,67,446
34,F,72,182,21.74,5948,84,541
21,M,62,173,20.72,5506,73,501
33,M,72,182,21.74,5024,97,457
26,F,62,166,22.5,4913,98,447
21,M,62,167,22.23,5242,86,477
29,M,62,175,20.24,4784,71,435
23,F,52,158,20.83,5702,95,518
46,F,72,156,29.59,4874,82,443
53,F,62,171,21.2,5076,80,461
33,M,62,165,22.77,4796,66,436
22,F,62,155,25.81,4596,94,418
36,F,72,179,22.47,4966,94,451
32,M,62,160,24.22,5865,68,533
25,M,52,177,16.6,5423,92,493
23,M,72,178,22.72,4674,95,425
54,F,62,177,19.79,4834,78,439
39,M,72,162,27.43,5223,82,475
56,F,62,174,20.48,5685,62,517
54,M,52,158,20.83,5967,62,542
36,F,52,185,15.19,5618,84,511
38,M,72,165,26.45,4598,76,418
60,M,52,182,15.7,5712,93,519
47,M,72,183,21.5,5660,94,515
57,F,52,181,15.87,5520,90,502
56,F,72,168,25.51,4675,75,425
47,M,52,157,21.1,5791,77,526
20,M,52,181,15.87,5002,101,455
51,F,72,175,23.51,5967,65,542
51,M,72,157,29.21,5739,99,522
23,M,72,168,25.51,5595,91,509
39,M,62,161,23.92,4669,105,424
23,M,72,185,21.04,4720,72,429
33,M,62,161,23.92,4619,98,420
42,M,62,165,22.77,5200,101,473
42,F,72,180,22.22,5612,105,510
59,M,72,169,25.21,5165,99,470
40,F,72,159,28.48,4672,92,425
58,M,72,174,23.78,5538,100,503
36,M,62,177,19.79,5086,87,462
55,M,52,177,16.6,5070,91,461
27,F,62,173,20.72,4649,75,423
48,M,52,179,16.23,4775,91,434
50,F,72,164,26.77,5285,64,480
29,M,72,175,23.51,5105,99,464
54,F,62,157,25.15,5062,85,460
33,M,52,184,15.36,5166,87,470
25,M,62,163,23.34,5658,62,514
23,M,62,173,20.72,5841,67,531
30,F,52,179,16.23,5750,73,523
36,M,72,158,28.84,5413,87,492
24,F,72,175,23.51,5148,99,468
41,F,62,164,23.05,5624,82,511
29,F,62,176,20.02,5995,94,545
24,F,72,172,24.34,5069,83,461
37,M,62,165,22.77,5938,86,540
49,F,52,164,19.33,5339,67,485
32,M,52,178,16.41,4523,92,411
39,F,52,179,16.23,5952,71,541
45,F,62,166,22.5,5848,61,532
29,M,72,172,24.34,4653,94,423
48,M,62,183,18.51,4997,90,454
40,M,62,157,25.15,5091,105,463
37,M,52,167,18.65,5996,71,545
57,F,62,158,24.84,5221,102,475
60,F,62,162,23.62,5067,78,461
43,F,52,183,15.53,5737,84,522
27,F,72,180,22.22,5284,85,480
52,F,72,173,24.06,4888,61,444
48,M,52,175,16.98,4859,99,442
44,F,62,184,18.31,5902,92,537
43,F,62,181,18.92,4759,61,433
30,M,62,170,21.45,5755,79,523
38,F,72,180,22.22,4541,76,413
28,M,62,168,21.97,5313,66,483
46,M,52,179,16.23,5145,90,468
44,F,52,165,19.1,5530,103,503
25,F,62,163,23.34,4844,73,440
59,M,72,161,27.78,5106,100,464
55,F,62,164,23.05,5100,86,464
49,F,62,184,18.31,5807,64,528
37,F,62,179,19.35,5749,80,523
36,M,72,163,27.1,5250,95,477
52,M,62,171,21.2,5936,104,540
35,M,72,175,23.51,5362,85,487
48,M,52,162,19.81,4896,62,445
53,M,72,168,25.51,5885,70,535
46,M,72,175,23.51,5300,66,482
49,F,62,177,19.79,5327,63,484
50,M,52,177,16.6,5499,86,500
24,F,72,171,24.62,4984,67,453
25,F,52,184,15.36,5417,94,492
46,F,52,183,15.53,5827,94,530
48,F,52,183,15.53,5399,74,491
35,M,72,180,22.22,5266,89,479
36,F,62,169,21.71,5363,86,488
42,F,72,172,24.34,5083,98,462
20,M,52,169,18.21,5785,98,526
56,M,72,166,26.13,4770,93,434
50,M,72,177,22.98,4770,91,434
37,F,62,170,21.45,5888,95,535
55,F,52,176,16.79,5524,82,502
22,M,62,174,20.48,4835,91,440
59,F,72,183,21.5,4535,90,412
49,F,52,178,16.41,5311,65,483
39,M,52,182,15.7,5497,93,500
20,F,52,179,16.23,4773,83,434
28,M,72,185,21.04,5387,93,490
51,F,72,172,24.34,5735,85,521
33,M,62,168,21.97,4994,67,454
45,M,62,169,21.71,4892,90,445
37,F,72,177,22.98,4864,62,442
43,M,52,173,17.37,5022,82,457
29,M,52,180,16.05,5365,102,488
38,F,62,159,24.52,4995,104,454
27,M,52,177,16.6,5232,105,476
26,F,72,185,21.04,5350,100,486
59,M,62,183,18.51,5620,63,511
28,M,72,156,29.59,4943,76,449
26,M,72,174,23.78,5472,89,497
60,M,72,167,25.82,5940,89,540
43,M,62,173,20.72,4722,67,429
23,M,62,184,18.31,4608,101,419
49,F,62,157,25.15,4765,103,433
58,F,62,166,22.5,4587,91,417
36,M,72,171,24.62,5750,102,523
42,M,72,158,28.84,4914,69,447
29,F,52,155,21.64,5080,72,462
32,M,72,178,22.72,5962,84,542
48,M,52,178,16.41,4734,70,430
35,F,52,156,21.37,4651,104,423
26,F,62,165,22.77,5145,75,468
49,F,72,165,26.45,5182,76,471
37,M,72,183,21.5,5431,85,494
41,F,62,156,25.48,5206,75,473
30,F,62,168,21.97,5371,75,488
47,M,62,155,25.81,5846,82,531
31,M,52,175,16.98,5835,96,530
45,F,62,183,18.51,5338,90,485
41,F,52,179,16.23,4973,86,452
32,F,52,165,19.1,4709,65,428
22,M,72,176,23.24,5140,85,467
57,F,72,172,24.34,4680,96,425
30,F,62,185,18.12,5952,103,541
54,M,62,162,23.62,5489,92,499
37,M,62,160,24.22,5669,62,515
24,F,72,171,24.62,4700,64,427
50,M,72,165,26.45,4704,66,428
45,M,52,184,15.36,5392,78,490
56,M,72,161,27.78,5251,104,477
47,M,62,168,21.97,4507,80,410
41,F,62,161,23.92,5894,96,536
22,F,52,175,16.98,4519,90,411
27,M,52,166,18.87,5034,103,458
27,F,62,176,20.02,4961,97,451
21,F,72,171,24.62,5947,85,541
33,M,72,176,23.24,5597,85,509
50,F,52,173,17.37,4899,82,445
28,F,62,161,23.92,5180,63,471
55,M,62,169,21.71,4569,83,415
36,M,72,167,25.82,5107,96,464
52,M,62,184,18.31,4904,102,446
41,F,72,178,22.72,5917,74,538
57,M,72,158,28.84,5607,94,510
31,F,72,178,22.72,5184,100,471
38,M,62,179,19.35,5047,74,459
34,M,52,165,19.1,5965,81,542
22,M,72,157,29.21,4556,75,414
29,M,62,177,19.79,5435,94,494
53,M,52,158,20.83,5359,97,487
33,M,62,179,19.35,4699,93,427
28,M,72,157,29.21,5285,90,480
45,F,62,179,19.35,4842,71,440
45,F,62,172,20.96,5070,105,461
28,M,52,158,20.83,5145,79,468
25,M,72,180,22.22,5732,60,521
46,M,62,176,20.02,5853,105,532
29,F,62,179,19.35,5558,84,505
30,F,62,182,18.72,5399,88,491
34,M,62,185,18.12,5084,88,462
39,F,62,159,24.52,5892,98,536
35,M,72,166,26.13,5884,71,535
29,M,52,176,16.79,5538,76,503
29,F,52,171,17.78,5281,73,480
32,M,72,175,23.51,4937,102,449
37,F,62,182,18.72,4964,99,451
25,F,52,158,20.83,5533,88,503
55,M,62,160,24.22,5002,73,455
42,F,62,164,23.05,4997,100,454
38,M,62,185,18.12,5715,73,520
37,M,72,157,29.21,5364,75,488
39,M,52,185,15.19,4880,104,444
40,F,62,160,24.22,5245,86,477
31,F,62,171,21.2,5410,94,492
28,M,62,157,25.15,5662,69,515
36,M,72,158,28.84,5391,94,490
22,F,52,172,17.58,4670,100,425
24,F,72,172,24.34,5469,79,497
33,M,52,178,16.41,5353,65,487
38,M,72,181,21.98,5474,92,498
60,F,72,172,24.34,5001,98,455
45,F,62,155,25.81,5079,98,462
29,M,72,168,25.51,5637,100,512
38,F,52,181,15.87,4617,63,420
30,M,72,175,23.51,5343,103,486
25,F,72,175,23.51,5663,87,515
59,M,52,161,20.06,5837,90,531
46,F,62,164,23.05,5991,66,545
37,M,72,170,24.91,5192,70,472
57,F,72,162,27.43,4894,103,445
33,M,62,180,19.14,5579,84,507
24,M,62,180,19.14,5172,92,470
30,F,62,176,20.02,5264,73,479
28,M,52,158,20.83,4844,67,440
40,F,72,171,24.62,5496,66,500
44,F,52,166,18.87,4527,92,412
40,F,52,178,16.41,5630,90,512
37,M,72,177,22.98,5886,85,535
29,F,72,169,25.21,5358,105,487
32,F,72,185,21.04,5452,88,496
30,F,52,160,20.31,4750,62,432
59,F,72,166,26.13,4744,62,431
44,M,62,164,23.05,5427,105,493
60,F,62,172,20.96,5573,70,507
39,F,62,161,23.92,4689,65,426
43,M,52,169,18.21,4662,93,424
34,F,52,184,15.36,4719,71,429
34,F,72,177,22.98,5250,79,477
40,M,62,165,22.77,5410,71,492
27,M,72,159,28.48,4799,87,436
54,M,72,175,23.51,5717,103,520
25,M,52,178,16.41,5576,75,507
60,F,52,172,17.58,5179,105,471
36,M,62,163,23.34,4932,87,448
41,M,62,161,23.92,5362,62,487
35,M,62,169,21.71,5252,102,477
35,M,52,170,17.99,5275,92,480
41,F,62,163,23.34,5532,82,503
52,F,62,178,19.57,4961,99,451
33,M,62,159,24.52,5053,97,459
60,M,62,171,21.2,5468,97,497
25,F,72,180,22.22,5561,96,506
29,F,62,179,19.35,5474,101,498
60,F,72,180,22.22,5351,73,486
27,M,72,167,25.82,4756,87,432
54,M,72,165,26.45,4792,100,436
50,F,52,157,21.1,4945,93,450
54,M,72,170,24.91,4710,74,428
60,F,72,176,23.24,5682,94,517
45,M,52,157,21.1,5843,70,531
20,F,52,155,21.64,5329,96,484
58,F,52,171,17.78,5696,62,518
48,F,72,183,21.5,5236,69,476
53,F,62,159,24.52,5679,96,516
29,M,62,168,21.97,5784,74,526
60,M,72,158,28.84,5359,71,487
21,M,52,175,16.98,5753,105,523
45,M,52,171,17.78,4650,77,423
36,F,62,175,20.24,4562,60,415
46,F,52,161,20.06,5806,105,528
59,M,62,170,21.45,4852,93,441
30,F,72,165,26.45,5276,102,480
39,F,62,158,24.84,5283,77,480
24,M,72,183,21.5,4945,88,450
33,M,72,166,26.13,4949,68,450
30,F,52,184,15.36,5659,77,514
44,M,72,181,21.98,5684,61,517
25,M,72,184,21.27,5024,64,457
20,M,52,184,15.36,5885,92,535
45,F,62,167,22.23,5896,97,536
59,M,72,174,23.78,5954,82,541
23,F,52,160,20.31,5465,70,497
41,M,62,167,22.23,4755,64,432
46,F,62,184,18.31,4561,91,415
48,M,62,184,18.31,4894,85,445
39,M,52,160,20.31,4968,81,452
29,F,52,159,20.57,5404,81,491
28,F,72,157,29.21,5300,91,482
30,M,72,171,24.62,5687,65,517
44,F,72,181,21.98,5328,79,484
36,F,62,172,20.96,5213,103,474
45,F,72,179,22.47,5805,98,528
54,F,72,165,26.45,4917,78,447
22,M,72,169,25.21,5628,66,512
38,F,62,175,20.24,5227,83,475
55,F,52,185,15.19,5948,65,541
30,F,52,175,16.98,5532,98,503
31,F,62,160,24.22,4722,73,429
27,F,62,171,21.2,4585,87,417
37,F,72,184,21.27,5432,60,494
35,M,72,164,26.77,5718,94,520
36,F,72,181,21.98,5211,105,474
50,M,72,163,27.1,5004,97,455
29,F,72,158,28.84,5653,82,514
38,F,52,182,15.7,4690,98,426
39,F,62,177,19.79,5785,74,526
50,M,52,166,18.87,5909,101,537
35,F,72,181,21.98,4871,89,443
51,M,62,164,23.05,5980,76,544
29,M,52,167,18.65,4910,91,446
39,M,62,181,18.92,5067,65,461
50,F,72,171,24.62,5509,63,501
28,F,62,170,21.45,5371,83,488
39,M,52,178,16.41,4502,81,409
54,M,72,163,27.1,5802,89,527
31,M,72,163,27.1,5473,91,498
59,M,52,181,15.87,5967,64,542
21,M,62,176,20.02,5535,92,503
45,M,52,184,15.36,4875,103,443
31,M,52,172,17.58,4632,101,421
41,F,52,157,21.1,5045,100,459
38,F,62,180,19.14,4887,103,444
38,M,52,172,17.58,5167,61,470
22,M,72,180,22.22,5353,80,487
49,M,62,179,19.35,4967,82,452
58,F,72,155,29.97,4906,92,446
43,F,52,163,19.57,4915,105,447
49,F,62,168,21.97,5798,63,527
58,F,72,156,29.59,5676,66,516
60,M,62,181,18.92,5523,92,502
24,M,62,175,20.24,5700,100,518
21,F,62,162,23.62,5665,82,515
23,M,62,170,21.45,5881,70,535
48,F,62,172,20.96,4952,70,450
53,F,52,175,16.98,5066,97,461
23,F,72,159,28.48,4903,61,446
23,M,72,184,21.27,5114,89,465
55,F,62,156,25.48,5494,96,499
43,M,52,178,16.41,5541,94,504
51,M,62,175,20.24,5407,100,492
42,M,62,165,22.77,5081,78,462
55,F,72,184,21.27,4541,102,413
38,F,72,161,27.78,4874,81,443
23,F,52,170,17.99,4601,73,418
27,M,72,158,28.84,5215,77,474
36,M,52,168,18.42,5430,93,494
51,M,62,173,20.72,4992,76,454
21,M,52,184,15.36,5141,83,467
53,F,72,179,22.47,5061,72,460
34,M,52,181,15.87,5357,92,487
41,M,62,180,19.14,4845,95,440
26,F,62,170,21.45,4528,68,412
57,M,72,167,25.82,5661,89,515
53,F,52,168,18.42,5393,74,490
23,F,52,161,20.06,4690,100,426
55,F,62,181,18.92,5759,63,524
56,F,62,162,23.62,4625,90,420
41,M,72,185,21.04,5920,101,538
53,M,72,171,24.62,5604,65,509
27,F,62,156,25.48,4878,96,443
51,F,72,170,24.91,5758,77,523
46,F,62,185,18.12,5937,66,540
50,M,72,185,21.04,4975,85,452
24,M,72,167,25.82,5415,103,492
37,M,62,183,18.51,5788,66,526
43,M,62,182,18.72,5541,66,504
30,F,52,176,16.79,5115,62,465
54,F,72,163,27.1,5981,73,544
47,F,52,157,21.1,5380,69,489
29,F,72,170,24.91,4823,79,438
33,F,52,155,21.64,5031,88,457
27,M,62,179,19.35,5495,91,500
39,F,62,181,18.92,5507,83,501
55,M,72,156,29.59,5428,96,493
48,M,62,179,19.35,5747,87,522
40,F,62,169,21.71,4780,74,435
39,F,52,180,16.05,4591,65,417
23,F,52,172,17.58,5646,75,513
27,M,62,182,18.72,5462,86,497
30,F,52,175,16.98,5525,73,502
43,M,62,164,23.05,4603,77,418
38,F,72,174,23.78,5342,62,486
32,F,72,156,29.59,5779,99,525
52,F,62,184,18.31,5933,89,539
59,F,52,159,20.57,4892,104,445
31,F,72,166,26.13,4998,83,454
54,M,72,170,24.91,5964,71,542
37,F,72,164,26.77,4540,60,413
24,F,72,155,29.97,5758,79,523
46,M,52,175,16.98,5759,98,524
27,F,52,157,21.1,5545,80,504
37,F,72,171,24.62,4983,82,453
28,M,72,166,26.13,5265,82,479
43,F,72,183,21.5,4639,89,422
33,F,52,166,18.87,5953,104,541
47,M,72,155,29.97,5618,64,511
31,M,72,185,21.04,5941,66,540
32,F,72,178,22.72,4586,62,417
50,M,62,167,22.23,5151,98,468
32,F,62,167,22.23,4564,74,415
41,M,52,184,15.36,5184,93,471
44,F,62,185,18.12,5249,76,477
49,M,52,155,21.64,5394,81,490
33,M,72,161,27.78,4670,93,425
36,M,72,183,21.5,5239,79,476
52,F,52,183,15.53,5789,104,526
20,M,62,170,21.45,4537,61,412
25,M,72,168,25.51,4848,83,441
36,M,52,168,18.42,5618,84,511
53,M,62,165,22.77,4777,72,434
24,M,52,182,15.7,5730,62,521
39,F,72,158,28.84,5818,89,529
43,F,72,179,22.47,5235,100,476
60,F,52,157,21.1,5249,61,477
47,F,52,167,18.65,5493,92,499
36,M,62,167,22.23,5165,97,470
59,M,72,182,21.74,4541,88,413
50,M,62,163,23.34,5677,98,516
40,F,62,181,18.92,5366,74,488
47,F,62,180,19.14,5378,88,489
37,F,62,177,19.79,5684,92,517
41,M,72,180,22.22,5922,91,538
30,F,62,172,20.96,5391,63,490
26,F,72,174,23.78,5569,62,506
29,F,52,156,21.37,4741,71,431
30,F,72,183,21.5,4960,104,451
59,M,72,169,25.21,5905,97,537
32,F,62,179,19.35,4908,61,446
50,M,62,157,25.15,5854,97,532
32,M,72,170,24.91,4880,93,444
59,M,72,175,23.51,5193,104,472
58,F,72,166,26.13,4756,62,432
49,F,72,170,24.91,5049,90,459
56,M,72,174,23.78,4608,70,419
37,M,62,172,20.96,5657,61,514
56,F,62,169,21.71,5699,77,518
58,M,52,171,17.78,5750,103,523
51,F,72,162,27.43,4627,103,421
57,M,52,171,17.78,5474,99,498
36,M,62,166,22.5,5263,72,478
37,F,52,157,21.1,5782,101,526
20,F,72,161,27.78,5220,101,475
41,M,72,163,27.1,4905,84,446
58,F,62,172,20.96,5178,74,471
54,M,72,181,21.98,5630,94,512
56,F,52,155,21.64,5514,92,501
50,M,52,161,20.06,4825,66,439
25,M,52,172,17.58,5418,94,493
22,M,62,184,18.31,4761,75,433
42,F,62,168,21.97,5783,95,526
45,M,62,155,25.81,5221,102,475
34,M,52,172,17.58,4696,67,427
27,F,72,185,21.04,5685,95,517
46,M,52,164,19.33,5882,76,535
28,F,72,161,27.78,4766,76,433
58,M,72,161,27.78,5051,89,459
25,M,72,167,25.82,4965,66,451
26,F,62,165,22.77,4559,92,414
27,F,62,157,25.15,5461,64,496
51,M,52,165,19.1,5881,87,535
54,M,72,175,23.51,5709,101,519
60,M,72,169,25.21,4641,93,422
24,M,62,176,20.02,4975,103,452
36,M,62,175,20.24,5823,80,529
55,F,72,185,21.04,5001,73,455
51,F,62,167,22.23,4667,69,424
57,M,72,177,22.98,4669,63,424
32,F,72,163,27.1,5103,85,464
21,M,72,171,24.62,5669,96,515
35,F,52,170,17.99,5293,62,481
56,F,62,159,24.52,4512,104,410
20,F,72,184,21.27,4674,82,425
29,F,72,159,28.48,4543,98,413
24,F,62,158,24.84,5669,76,515
39,M,72,180,22.22,5551,94,505
35,F,52,158,20.83,4744,98,431
58,M,62,181,18.92,4848,101,441
52,M,62,177,19.79,5362,105,487
42,M,52,162,19.81,5753,62,523
25,F,62,156,25.48,4815,87,438
45,F,72,179,22.47,5062,70,460
46,F,52,165,19.1,5657,65,514
27,F,62,181,18.92,5772,73,525
54,M,52,176,16.79,5385,91,490
42,M,52,166,18.87,5041,62,458
24,M,72,179,22.47,5661,104,515
60,F,72,155,29.97,5792,60,527
36,F,72,162,27.43,5616,72,511
42,M,62,158,24.84,5773,74,525
28,F,72,165,26.45,4506,96,410
33,F,72,183,21.5,5440,94,495
22,F,72,166,26.13,4915,77,447
43,M,62,183,18.51,5631,82,512
35,F,62,156,25.48,4758,81,433
43,M,62,184,18.31,5341,89,486
49,F,72,178,22.72,5047,86,459
39,F,62,175,20.24,4643,95,422
49,F,72,164,26.77,5731,95,521
35,M,62,164,23.05,4632,98,421
32,F,52,168,18.42,5551,93,505
36,F,52,165,19.1,4599,101,418
32,M,62,162,23.62,5127,79,466
39,F,62,173,20.72,5424,75,493
44,F,62,163,23.34,4530,73,412
27,F,62,166,22.5,5401,77,491
23,M,52,156,21.37,5493,75,499
55,F,52,176,16.79,4874,76,443
34,F,52,162,19.81,4811,105,437
23,M,72,158,28.84,5490,77,499
24,M,62,172,20.96,4719,97,429
27,M,72,163,27.1,4567,76,415
47,M,72,160,28.13,5210,102,474
44,M,52,161,20.06,5375,102,489
48,F,72,185,21.04,5682,94,517
53,M,62,157,25.15,5594,72,509
49,M,62,166,22.5,4734,70,430
39,M,72,168,25.51,5295,102,481
44,F,62,157,25.15,5760,103,524
42,F,62,168,21.97,4694,97,427
35,F,62,176,20.02,5294,68,481
29,F,52,160,20.31,5065,100,460
22,M,62,157,25.15,4743,68,431
31,F,72,176,23.24,4544,86,413
35,M,52,184,15.36,5211,71,474
53,F,62,169,21.71,5986,82,544
50,F,62,176,20.02,5244,69,477
25,M,62,177,19.79,5011,97,456
27,M,62,166,22.5,4879,82,444
46,F,72,164,26.77,5522,80,502
56,M,52,176,16.79,4753,65,432
31,M,52,172,17.58,4642,77,422
20,F,72,175,23.51,5627,103,512
26,M,72,185,21.04,5704,88,519
42,F,52,157,21.1,5770,91,525
39,F,52,175,16.98,5107,81,464
27,M,52,168,18.42,5832,90,530
42,M,72,167,25.82,4669,60,424
37,M,52,160,20.31,5366,102,488
43,F,72,159,28.48,5481,66,498
37,F,52,177,16.6,5386,78,490
20,M,52,174,17.18,4610,97,419
41,M,62,172,20.96,5719,97,520
45,F,52,179,16.23,4628,90,421
54,F,52,158,20.83,4582,92,417
47,F,62,175,20.24,5165,82,470
46,F,62,167,22.23,4525,76,411
36,F,52,184,15.36,5724,79,520
25,F,72,178,22.72,5357,105,487
25,F,52,168,18.42,4834,65,439
41,M,72,182,21.74,5013,74,456
48,M,72,170,24.91,4616,83,420
39,M,52,158,20.83,5597,105,509
42,F,52,155,21.64,4837,73,440
53,M,72,184,21.27,5140,78,467
44,F,52,166,18.87,5240,68,476
44,F,72,165,26.45,4592,69,417
56,M,62,166,22.5,4836,62,440
57,F,72,155,29.97,5354,81,487
57,M,62,157,25.15,4886,85,444
60,F,52,156,21.37,5517,84,502
26,M,62,158,24.84,4530,102,412
55,F,72,167,25.82,5574,65,507
23,F,62,157,25.15,5869,100,534
55,F,72,179,22.47,5149,86,468
54,M,62,182,18.72,5782,84,526
25,M,62,165,22.77,4528,87,412
25,M,62,162,23.62,5821,84,529
60,M,72,161,27.78,4718,78,429
52,F,52,174,17.18,4642,67,422
33,M,72,179,22.47,5493,71,499
28,F,62,183,18.51,5519,94,502
43,F,52,161,20.06,5254,77,478
32,M,52,184,15.36,5221,105,475
56,F,62,168,21.97,4653,82,423
51,M,62,170,21.45,4673,68,425
31,M,72,159,28.48,5768,84,524
58,M,52,164,19.33,4508,98,410
59,M,52,156,21.37,5683,74,517
44,M,72,159,28.48,4753,100,432
55,M,62,177,19.79,5422,60,493
54,F,62,159,24.52,5175,76,470
48,M,72,177,22.98,5039,92,458
40,F,52,182,15.7,5092,95,463
27,F,72,156,29.59,4858,70,442
59,F,52,171,17.78,5671,97,516
39,M,72,171,24.62,5078,75,462
36,F,52,184,15.36,5705,70,519
35,F,62,157,25.15,4504,94,409
35,M,72,160,28.13,5309,60,483
39,F,52,160,20.31,5142,90,467
60,F,62,160,24.22,5436,104,494
41,F,72,164,26.77,4851,61,441
32,F,72,161,27.78,4614,60,419
59,M,52,182,15.7,4634,85,421
23,M,62,171,21.2,5544,65,504
52,M,52,171,17.78,5354,77,487
29,F,62,184,18.31,5827,99,530
38,F,72,155,29.97,5165,96,470
55,F,62,171,21.2,5084,80,462
27,F,62,162,23.62,5187,79,472
45,F,62,170,21.45,5782,82,526
46,M,52,177,16.6,5940,95,540
26,M,52,169,18.21,4842,72,440
41,M,72,169,25.21,5548,88,504
46,M,72,182,21.74,5880,100,535
26,F,62,185,18.12,5229,96,475
24,M,72,167,25.82,5291,62,481
50,M,72,184,21.27,5894,80,536
29,F,52,155,21.64,5683,103,517
25,F,52,180,16.05,5145,94,468
29,M,52,182,15.7,5359,75,487
38,F,52,182,15.7,5116,89,465
51,M,52,158,20.83,5381,90,489
52,F,62,165,22.77,4611,74,419
43,M,52,174,17.18,5801,103,527
54,F,72,164,26.77,5089,104,463
36,M,72,163,27.1,4946,94,450
59,F,52,158,20.83,4918,63,447
47,F,72,171,24.62,5638,102,513
28,M,72,173,24.06,5583,61,508
42,M,52,166,18.87,5152,103,468
36,M,52,167,18.65,5794,65,527
60,M,52,175,16.98,5337,64,485
29,F,72,177,22.98,4948,84,450
30,M,72,178,22.72,5883,75,535
55,M,62,171,21.2,5835,69,530
27,M,62,182,18.72,5780,90,525
21,M,52,160,20.31,5169,75,470
25,F,52,165,19.1,5720,84,520
47,M,52,177,16.6,5494,101,499
28,M,72,156,29.59,5836,83,531
38,M,62,161,23.92,4601,93,418
35,F,52,170,17.99,4756,101,432
23,F,62,172,20.96,5955,70,541
28,M,72,171,24.62,5538,77,503
22,M,72,185,21.04,4733,85,430
56,M,62,170,21.45,5097,104,463
52,F,52,167,18.65,5312,72,483
38,F,62,164,23.05,5618,81,511
40,M,52,171,17.78,5665,77,515
27,M,72,162,27.43,4940,105,449
46,M,62,169,21.71,4588,60,417
41,M,72,171,24.62,4939,88,449
58,M,52,181,15.87,5716,90,520
34,F,62,161,23.92,5788,89,526
60,F,72,172,24.34,4964,76,451
38,F,62,184,18.31,5425,79,493
22,F,62,157,25.15,5608,85,510
60,F,62,174,20.48,5988,61,544
52,F,52,174,17.18,5293,75,481
37,M,52,168,18.42,4681,60,426
54,M,62,177,19.79,4881,92,444
30,M,62,178,19.57,4819,97,438
22,F,72,178,22.72,5329,82,484
36,M,62,174,20.48,4946,60,450
58,M,52,177,16.6,5207,64,473
60,F,72,182,21.74,5148,74,468
28,F,72,171,24.62,4941,67,449
60,F,62,159,24.52,4778,104,434
56,F,72,167,25.82,5540,85,504
39,F,62,159,24.52,5049,72,459
50,F,52,177,16.6,5213,91,474
27,M,62,165,22.77,5148,84,468
47,M,72,174,23.78,5149,66,468
37,F,52,185,15.19,5469,82,497
28,M,62,159,24.52,5857,104,532
22,F,72,161,27.78,5511,68,501
26,M,62,179,19.35,5901,76,536
24,M,62,181,18.92,5814,64,529
23,F,62,161,23.92,4796,82,436
45,F,72,164,26.77,5407,103,492
37,M,62,172,20.96,4513,105,410
29,M,72,158,28.84,5079,84,462
44,F,72,166,26.13,5349,66,486
58,M,72,156,29.59,4911,96,446
25,M,52,165,19.1,5949,79,541
27,M,62,169,21.71,5520,90,502
38,M,62,174,20.48,5070,101,461
30,F,62,161,23.92,4695,105,427
46,M,52,176,16.79,4663,99,424
23,F,72,176,23.24,5688,79,517
22,M,62,165,22.77,5370,102,488
46,M,52,185,15.19,5992,64,545
20,M,62,180,19.14,5877,62,534
22,F,62,169,21.71,5782,63,526
59,M,52,176,16.79,4934,96,449
24,F,62,179,19.35,5739,81,522
30,F,52,178,16.41,5927,97,539
25,M,52,178,16.41,5209,97,474
54,F,52,183,15.53,5234,76,476
34,F,72,156,29.59,5581,64,507
30,M,62,163,23.34,5312,91,483
52,F,72,159,28.48,5528,81,503
57,F,62,179,19.35,5853,81,532
45,F,72,157,29.21,5321,70,484
43,M,52,180,16.05,5078,78,462
47,M,72,179,22.47,4749,76,432
38,M,62,178,19.57,5006,75,455
22,M,62,163,23.34,4807,93,437
48,F,52,157,21.1,5650,80,514
44,F,72,173,24.06,5602,90,509
28,M,72,164,26.77,5405,87,491
50,F,72,157,29.21,4844,65,440
47,M,62,156,25.48,5045,92,459
20,F,62,158,24.84,4734,64,430
25,M,62,172,20.96,4917,67,447
32,M,72,172,24.34,5266,105,479
39,M,62,164,23.05,4803,91,437
30,M,62,161,23.92,5040,95,458
47,M,52,160,20.31,4916,87,447
41,M,72,180,22.22,5469,69,497
31,M,72,177,22.98,5561,62,506
37,F,62,172,20.96,5136,102,467
48,M,72,166,26.13,5746,75,522
46,F,62,164,23.05,4633,87,421
53,F,72,160,28.13,4769,72,434
53,F,62,164,23.05,4992,92,454
60,M,62,174,20.48,5257,73,478
57,F,72,174,23.78,4977,62,452
47,M,72,183,21.5,5402,95,491
36,F,62,167,22.23,5261,75,478
59,M,72,164,26.77,5728,85,521
57,F,62,155,25.81,5918,71,538
34,F,72,162,27.43,5159,68,469
40,M,52,177,16.6,4930,101,448
47,F,62,156,25.48,5089,65,463
41,F,62,158,24.84,5549,64,504
36,F,72,177,22.98,5246,96,477
44,M,62,176,20.02,5700,101,518
46,F,52,162,19.81,5787,78,526
27,M,62,174,20.48,5607,80,510
24,M,72,175,23.51,5126,70,466
42,M,72,160,28.13,5006,96,455
45,F,72,178,22.72,4870,76,443
27,M,62,155,25.81,5387,74,490
21,F,72,166,26.13,5195,92,472
55,F,72,158,28.84,4990,102,454
22,M,72,168,25.51,4852,92,441
52,F,52,170,17.99,5013,105,456
52,F,62,175,20.24,4683,74,426
52,M,62,164,23.05,4660,97,424
22,F,72,168,25.51,5628,67,512
57,M,62,165,22.77,5046,66,459
34,M,62,160,24.22,5101,96,464
40,M,72,178,22.72,5002,63,455
21,F,52,168,18.42,5433,104,494
41,F,62,185,18.12,5883,62,535
32,F,72,155,29.97,5338,67,485
21,F,62,184,18.31,5206,62,473
31,M,62,173,20.72,4965,66,451
51,M,72,182,21.74,5880,78,535
24,F,72,161,27.78,4569,88,415
30,F,52,160,20.31,4721,69,429
46,M,62,181,18.92,5724,62,520
26,F,72,162,27.43,5138,69,467
50,F,62,165,22.77,4894,70,445
24,F,52,162,19.81,5780,78,525
29,F,62,171,21.2,5672,81,516
60,F,62,181,18.92,4611,87,419
43,F,62,158,24.84,5283,71,480
27,F,62,176,20.02,5726,82,521
33,M,52,178,16.41,4694,70,427
28,M,62,172,20.96,5383,68,489
56,M,52,176,16.79,5046,79,459
52,F,72,156,29.59,5056,93,460
20,F,52,167,18.65,5411,86,492
24,M,52,177,16.6,5662,81,515
32,F,62,161,23.92,5640,98,513
27,M,72,156,29.59,5880,100,535
22,F,52,173,17.37,5776,85,525
33,M,72,158,28.84,4659,83,424
35,M,52,161,20.06,4977,88,452
22,F,52,182,15.7,4737,81,431
33,F,52,171,17.78,5900,97,536
48,M,52,164,19.33,4748,100,432
58,F,62,160,24.22,4666,87,424
55,M,62,185,18.12,4857,103,442
35,F,52,155,21.64,5311,64,483
39,M,52,174,17.18,4545,87,413
30,F,52,157,21.1,5206,61,473
57,F,72,171,24.62,5756,82,523
20,F,62,182,18.72,5738,63,522
30,F,72,177,22.98,5343,79,486
59,M,62,183,18.51,4692,105,427
22,M,62,173,20.72,5795,92,527
33,F,52,176,16.79,5837,84,531
23,F,62,177,19.79,5884,64,535
34,M,52,162,19.81,4615,68,420
41,M,62,177,19.79,4949,84,450
47,F,62,180,19.14,4581,81,416
46,M,72,174,23.78,5912,98,537
44,F,62,161,23.92,5808,100,528
58,F,62,161,23.92,4940,81,449
24,F,72,161,27.78,5800,80,527
49,F,62,176,20.02,5874,71,534
33,M,52,157,21.1,5881,102,535
60,F,62,157,25.15,4806,85,437
38,M,72,184,21.27,5853,80,532
48,F,62,172,20.96,5314,104,483
49,F,62,156,25.48,5825,102,530
43,M,72,157,29.21,4952,105,450
59,M,52,159,20.57,5012,101,456
43,M,62,171,21.2,4703,65,428
30,F,62,165,22.77,4770,61,434
35,F,72,176,23.24,5924,96,539
44,M,62,155,25.81,5267,87,479
50,M,72,182,21.74,5676,100,516
37,F,72,175,23.51,5362,95,487
58,F,52,181,15.87,4738,96,431
38,M,52,166,18.87,5017,73,456
36,F,62,159,24.52,5394,72,490
48,F,62,175,20.24,5995,75,545
48,F,62,173,20.72,5539,95,504
22,M,72,167,25.82,5827,75,530
52,M,62,169,21.71,4832,95,439
22,F,62,174,20.48,5809,96,528
38,F,62,171,21.2,5972,71,543
58,M,52,169,18.21,5038,105,458
23,F,72,171,24.62,5358,96,487
55,F,52,165,19.1,5088,65,463
25,F,62,171,21.2,4616,89,420
23,F,72,179,22.47,5176,75,471
32,M,62,162,23.62,5973,99,543
58,M,62,179,19.35,4767,77,433
59,M,52,167,18.65,5453,103,496
49,F,72,173,24.06,5123,79,466
23,F,52,164,19.33,4756,67,432
33,M,52,162,19.81,5865,95,533
59,F,62,162,23.62,5081,99,462
53,M,62,156,25.48,5787,83,526
47,M,62,166,22.5,5718,98,520
59,M,72,177,22.98,5924,87,539
51,F,62,173,20.72,5396,75,491
58,F,72,175,23.51,5959,92,542
52,M,62,181,18.92,5272,75,479
28,F,52,169,18.21,5108,82,464
51,F,62,179,19.35,5629,69,512
38,F,72,177,22.98,5357,79,487
27,M,72,174,23.78,5371,85,488
28,F,62,174,20.48,4982,94,453
59,F,52,161,20.06,5927,76,539
46,F,62,155,25.81,4863,102,442
43,M,72,161,27.78,5098,93,463
48,M,72,167,25.82,5472,62,497
55,M,52,176,16.79,4555,89,414
43,M,72,164,26.77,5474,62,498
24,F,72,157,29.21,5855,63,532
29,M,52,166,18.87,5899,83,536
27,M,52,160,20.31,5820,76,529
35,M,72,155,29.97,5027,91,457
55,F,52,160,20.31,4619,99,420
55,F,62,179,19.35,5144,105,468
25,M,72,163,27.1,4595,98,418
51,F,62,172,20.96,4961,73,451
31,M,52,168,18.42,5978,87,543
53,M,72,157,29.21,5976,69,543
25,M,52,176,16.79,5866,95,533
42,F,62,178,19.57,4644,71,422
53,F,72,166,26.13,5571,69,506
25,M,72,164,26.77,5524,100,502
33,F,72,161,27.78,5590,86,508
29,M,72,173,24.06,5902,72,537
30,F,62,170,21.45,4682,77,426
57,M,52,176,16.79,5337,63,485
33,M,72,182,21.74,4802,66,437
59,M,62,159,24.52,5691,88,517
22,F,62,176,20.02,4911,65,446
28,M,62,175,20.24,4846,77,441
22,F,62,163,23.34,5507,101,501
52,M,72,178,22.72,5392,60,490
37,F,62,178,19.57,4887,95,444
46,F,62,156,25.48,5805,95,528
48,M,72,169,25.21,5719,105,520
50,M,62,180,19.14,5972,70,543
53,M,62,168,21.97,5060,77,460
26,M,72,167,25.82,5623,96,511
49,F,72,182,21.74,5720,68,520
37,M,72,161,27.78,5499,101,500
49,M,62,179,19.35,5830,88,530
39,F,62,182,18.72,4613,98,419
29,F,72,158,28.84,5420,75,493
25,M,52,159,20.57,5077,66,462
48,M,62,181,18.92,5255,73,478
22,F,62,163,23.34,5644,96,513
35,F,72,163,27.1,5257,88,478
58,M,72,174,23.78,5301,105,482
49,F,72,166,26.13,4985,88,453
22,F,72,171,24.62,5130,64,466
47,M,72,178,22.72,4504,105,409
36,F,72,156,29.59,5856,99,532
52,M,52,157,21.1,5024,84,457
54,M,62,168,21.97,5575,76,507
47,F,72,183,21.5,5307,86,482
54,F,52,171,17.78,5382,84,489
24,M,52,164,19.33,5931,103,539
31,M,62,171,21.2,4610,79,419
24,M,62,171,21.2,5622,69,511
39,M,52,173,17.37,4955,88,450
46,M,52,169,18.21,5332,91,485
26,M,62,168,21.97,5873,62,534
24,M,62,164,23.05,4798,88,436
25,M,62,167,22.23,4609,100,419
31,M,72,156,29.59,5140,85,467
52,M,62,162,23.62,4740,84,431
40,M,52,155,21.64,5669,69,515
27,M,62,162,23.62,5428,80,493
43,M,62,182,18.72,4873,86,443
50,M,62,158,24.84,5578,100,507
41,M,72,158,28.84,5164,76,469
28,M,62,181,18.92,5020,82,456
30,M,72,159,28.48,5488,105,499
47,F,72,181,21.98,5631,95,512
48,F,72,184,21.27,5890,62,535
43,M,52,167,18.65,5069,88,461
22,F,62,170,21.45,4960,97,451
49,F,62,165,22.77,4897,67,445
41,M,72,176,23.24,5811,84,528
30,M,72,156,29.59,5576,83,507
55,M,52,158,20.83,5135,63,467
40,M,52,176,16.79,5663,70,515
34,M,62,184,18.31,4728,62,430
54,F,62,175,20.24,4657,103,423
23,F,52,159,20.57,4782,86,435
20,M,62,158,24.84,5796,90,527
38,M,52,163,19.57,5810,92,528
58,F,62,184,18.31,5389,101,490
47,M,62,164,23.05,5026,65,457
48,M,72,158,28.84,5123,88,466
46,F,72,162,27.43,5904,61,537
32,F,72,159,28.48,5490,83,499
43,M,52,171,17.78,5612,86,510
21,F,72,161,27.78,4600,92,418
55,F,72,180,22.22,5344,85,486
34,F,52,167,18.65,4996,88,454
48,F,62,185,18.12,4995,95,454
35,M,62,176,20.02,5229,92,475
30,F,72,181,21.98,5980,103,544
38,M,72,170,24.91,5890,102,535
25,F,72,158,28.84,4522,95,411
38,M,72,169,25.21,5005,62,455
41,M,62,162,23.62,5258,87,478
51,F,72,171,24.62,5154,94,469
36,M,52,157,21.1,5495,93,500
34,M,72,160,28.13,5426,95,493
35,M,62,159,24.52,5208,105,473
30,F,62,162,23.62,5946,99,541
44,M,72,163,27.1,4747,71,432
42,F,62,156,25.48,4862,95,442
36,F,62,164,23.05,5859,60,533
23,M,72,165,26.45,5864,71,533
55,F,72,158,28.84,5000,93,455
52,F,72,170,24.91,4680,62,425
27,F,52,162,19.81,5374,77,489
47,F,72,166,26.13,5369,75,488
52,F,62,157,25.15,5078,93,462
33,F,72,179,22.47,5161,84,469
44,M,62,178,19.57,5037,61,458
32,F,62,161,23.92,5331,65,485
20,M,72,165,26.45,4841,81,440
29,F,72,170,24.91,4978,76,453
52,F,52,176,16.79,5180,91,471
57,M,62,167,22.23,4796,102,436
22,M,52,184,15.36,5928,77,539
24,F,72,180,22.22,5428,74,493
55,F,62,178,19.57,5521,105,502
37,M,62,173,20.72,4967,100,452
54,M,52,176,16.79,4808,84,437
26,M,52,162,19.81,4662,93,424
46,F,62,180,19.14,5665,105,515
37,M,62,175,20.24,5699,105,518
52,M,62,176,20.02,5116,103,465
50,M,62,166,22.5,5821,88,529
21,F,72,169,25.21,4961,82,451
58,F,52,185,15.19,4925,93,448
26,M,52,170,17.99,5882,74,535
46,F,62,177,19.79,5756,90,523
21,M,72,172,24.34,5661,60,515
35,F,52,157,21.1,5096,92,463
35,F,52,174,17.18,5286,63,481
57,F,72,155,29.97,4877,84,443
57,M,72,180,22.22,5481,60,498
30,F,62,156,25.48,5100,81,464
28,M,72,157,29.21,4523,90,411
57,F,62,166,22.5,5265,86,479
50,F,72,160,28.13,5725,71,520
21,M,62,171,21.2,5766,85,524
42,F,52,175,16.98,5380,85,489
55,M,62,182,18.72,5838,99,531
41,M,72,179,22.47,4541,76,413
48,F,72,168,25.51,4958,98,451
29,M,72,163,27.1,4663,87,424
46,M,62,175,20.24,5731,91,521
27,M,52,162,19.81,4734,72,430
34,M,72,159,28.48,4652,96,423
29,M,62,157,25.15,4581,61,416
53,M,52,156,21.37,4976,96,452
30,F,52,182,15.7,4979,90,453
20,M,72,155,29.97,5654,82,514
50,F,72,167,25.82,5800,71,527
22,F,72,162,27.43,4923,89,448
56,M,72,155,29.97,5175,85,470
51,M,62,183,18.51,5761,62,524
50,M,62,184,18.31,4682,102,426
41,F,52,176,16.79,5111,94,465
31,F,62,173,20.72,5854,74,532
38,M,62,175,20.24,4569,67,415
36,F,52,162,19.81,5119,98,465
41,F,72,158,28.84,4593,64,418
34,M,62,184,18.31,5914,65,538
27,M,62,171,21.2,5640,86,513
50,M,72,182,21.74,5975,78,543
59,M,62,164,23.05,5049,75,459
27,M,72,175,23.51,5123,60,466
46,M,52,164,19.33,5179,103,471
48,M,72,165,26.45,4837,72,440
47,F,72,164,26.77,4925,99,448
39,M,62,182,18.72,4598,62,418
20,M,72,178,22.72,4889,105,444
45,F,52,173,17.37,5308,100,483
41,M,72,166,26.13,4765,62,433
54,M,72,180,22.22,4851,76,441
51,F,72,162,27.43,5104,62,464
30,M,62,178,19.57,5354,64,487
21,M,52,175,16.98,5873,66,534
35,F,62,184,18.31,5892,62,536
52,F,72,169,25.21,5121,83,466
42,F,52,166,18.87,4670,91,425
59,M,72,163,27.1,5426,85,493
21,M,72,159,28.48,4798,100,436
57,F,52,181,15.87,5875,92,534
44,M,52,168,18.42,5273,62,479
53,F,52,171,17.78,4794,82,436
60,M,62,183,18.51,5405,97,491
33,F,72,178,22.72,5803,92,528
59,F,72,167,25.82,5257,72,478
25,M,62,174,20.48,5238,80,476
51,F,52,168,18.42,5075,92,461
46,M,62,179,19.35,5894,77,536
58,M,72,172,24.34,5190,94,472
60,M,62,165,22.77,4590,68,417
46,M,72,178,22.72,5329,92,484
41,M,62,179,19.35,4586,69,417
24,F,52,173,17.37,4607,68,419
28,F,72,174,23.78,5464,100,497
52,M,62,181,18.92,5403,81,491
20,F,52,155,21.64,4636,101,421
52,M,62,178,19.57,5020,75,456
51,M,72,172,24.34,4581,92,416
31,F,52,175,16.98,4500,61,409
51,M,72,183,21.5,5593,98,508
25,M,72,168,25.51,5450,85,495
35,F,72,178,22.72,5110,97,465
22,F,72,181,21.98,5654,69,514
48,M,72,181,21.98,5319,104,484
50,M,52,163,19.57,4943,65,449
29,M,62,169,21.71,4669,79,424
34,F,52,182,15.7,5437,99,494
26,F,62,170,21.45,4583,92,417
26,M,62,167,22.23,5308,100,483
59,F,52,171,17.78,5179,98,471
24,F,52,178,16.41,5038,100,458
44,F,52,161,20.06,4949,81,450
36,F,62,160,24.22,5002,70,455
28,M,72,169,25.21,5079,101,462
33,M,52,170,17.99,5021,96,456
25,F,72,176,23.24,4995,97,454
24,F,62,182,18.72,5547,73,504
50,F,72,175,23.51,5236,79,476
54,F,62,159,24.52,4802,63,437
28,F,62,181,18.92,5445,82,495
51,F,62,173,20.72,5065,99,460
52,M,52,173,17.37,5863,96,533
57,M,62,173,20.72,5826,84,530
52,F,62,182,18.72,5080,91,462
22,M,62,183,18.51,5803,84,528
46,M,72,163,27.1,5178,96,471
48,F,72,181,21.98,5091,60,463
22,M,62,161,23.92,5900,91,536
34,M,52,160,20.31,5439,63,494
57,F,72,185,21.04,5976,67,543
51,M,72,185,21.04,4620,77,420
36,M,72,164,26.77,5156,69,469
45,F,52,157,21.1,5848,103,532
36,M,52,177,16.6,5000,77,455
24,M,62,161,23.92,4672,67,425
48,M,62,156,25.48,5809,84,528
53,F,62,158,24.84,4577,70,416
52,M,72,166,26.13,4587,76,417
21,F,62,178,19.57,5090,84,463
38,F,62,184,18.31,5970,94,543
28,M,72,175,23.51,4982,68,453
47,F,62,172,20.96,5597,73,509
34,F,72,160,28.13,5283,83,480
33,F,62,182,18.72,5676,64,516
30,M,62,160,24.22,4925,87,448
31,M,52,167,18.65,5767,83,524
28,F,72,178,22.72,4638,61,422
45,F,52,175,16.98,5575,80,507
59,F,62,168,21.97,5126,65,466
47,M,72,173,24.06,5051,99,459
21,M,52,174,17.18,5893,84,536
39,M,62,170,21.45,5865,73,533
45,M,62,170,21.45,5192,83,472
34,M,52,180,16.05,4526,94,411
39,M,52,160,20.31,5366,70,488
48,M,52,162,19.81,4640,64,422
31,F,72,172,24.34,5364,68,488
33,F,52,172,17.58,5191,95,472
41,M,52,178,16.41,4929,73,448
41,M,52,165,19.1,5710,62,519
35,M,52,171,17.78,5234,94,476
56,F,62,163,23.34,5977,65,543
40,F,62,167,22.23,5771,101,525
47,F,52,163,19.57,4944,73,449
30,F,72,163,27.1,5852,65,532
28,F,52,185,15.19,4666,96,424
34,M,52,166,18.87,5305,95,482
58,M,62,170,21.45,5695,80,518
21,M,62,164,23.05,5060,88,460
58,F,62,182,18.72,5929,69,539
25,F,72,182,21.74,5480,98,498
57,F,72,165,26.45,5545,97,504
35,F,62,164,23.05,5894,102,536
46,M,72,181,21.98,5811,98,528
55,F,72,173,24.06,4989,104,454
39,M,62,184,18.31,4630,90,421
26,F,72,179,22.47,5051,75,459
20,M,52,175,16.98,5876,94,534
32,F,52,185,15.19,5475,77,498
54,M,62,157,25.15,5577,102,507
60,M,62,168,21.97,5289,79,481
44,F,62,155,25.81,5707,92,519
38,F,52,159,20.57,5461,69,496
46,M,72,171,24.62,5129,80,466
20,F,72,182,21.74,5152,76,468
26,F,62,168,21.97,4535,90,412
28,F,62,178,19.57,5576,86,507
28,M,62,168,21.97,4858,87,442
40,F,52,184,15.36,5768,73,524
34,M,72,173,24.06,4766,75,433
36,F,72,157,29.21,5391,91,490
43,M,62,155,25.81,5697,69,518
41,M,52,175,16.98,4742,104,431
38,F,72,184,21.27,5987,79,544
37,F,72,170,24.91,4856,78,441
47,M,62,183,18.51,5832,103,530
46,F,52,158,20.83,5609,73,510
30,M,72,177,22.98,5762,92,524
44,F,62,163,23.34,5043,99,458
58,M,52,182,15.7,4601,79,418
51,F,52,157,21.1,5981,66,544
54,M,72,157,29.21,5621,82,511
60,F,52,159,20.57,4866,103,442
45,M,62,170,21.45,5525,77,502
44,F,62,169,21.71,5969,82,543
30,M,62,166,22.5,4937,71,449
57,F,72,170,24.91,5681,68,516
33,M,62,166,22.5,5198,105,473
33,F,72,167,25.82,5232,85,476
21,M,62,157,25.15,5132,79,467
49,M,62,162,23.62,4567,71,415
35,M,72,157,29.21,5828,77,530
52,M,62,157,25.15,5187,86,472
37,F,62,181,18.92,5567,93,506
26,M,72,170,24.91,5526,102,502
25,M,62,159,24.52,5536,76,503
23,M,62,175,20.24,5999,81,545
41,F,52,168,18.42,4737,87,431
27,M,72,171,24.62,4672,84,425
56,F,52,175,16.98,5491,102,499
20,F,52,182,15.7,5499,78,500
40,M,72,165,26.45,5333,75,485
50,F,72,173,24.06,4804,86,437
30,F,52,169,18.21,4907,85,446
50,F,72,165,26.45,5371,85,488
60,M,62,170,21.45,5281,101,480
37,M,62,168,21.97,5435,92,494
27,F,72,180,22.22,5827,73,530
50,F,62,176,20.02,4516,81,411
50,F,72,157,29.21,4878,80,443
32,M,52,168,18.42,5823,85,529
49,M,62,158,24.84,4766,95,433
20,M,72,173,24.06,5434,79,494
46,F,72,157,29.21,5102,92,464
50,M,52,182,15.7,5668,101,515
39,M,62,159,24.52,5326,82,484
27,M,62,167,22.23,5742,91,522
49,M,52,167,18.65,4651,60,423
58,F,62,159,24.52,5708,79,519
44,F,72,155,29.97,5431,104,494
59,M,72,162,27.43,5430,97,494
57,F,72,172,24.34,4740,60,431
35,F,52,178,16.41,5809,89,528
36,F,72,181,21.98,5807,101,528
38,M,62,168,21.97,5515,61,501
51,M,62,179,19.35,4532,104,412
40,M,62,166,22.5,5582,86,507
28,M,62,182,18.72,5406,101,491
50,F,72,168,25.51,4770,77,434
23,M,72,159,28.48,5373,78,488
57,F,72,162,27.43,5772,76,525
32,M,72,178,22.72,5704,92,519
30,F,72,167,25.82,5724,66,520
29,M,72,165,26.45,4986,77,453
32,F,72,172,24.34,5242,70,477
33,M,72,171,24.62,4827,88,439
28,M,62,168,21.97,4940,75,449
50,M,52,170,17.99,4682,99,426
31,F,72,169,25.21,5293,61,481
47,F,72,158,28.84,5510,101,501
22,M,62,182,18.72,4810,95,437
52,F,62,169,21.71,4777,92,434
47,F,52,162,19.81,5960,72,542
21,F,72,177,22.98,5428,92,493
26,M,72,173,24.06,4790,80,435
49,F,62,165,22.77,5989,90,544
25,M,72,160,28.13,4673,93,425
30,F,52,165,19.1,4653,64,423
40,F,52,181,15.87,5480,81,498
55,F,62,173,20.72,4688,91,426
57,F,52,171,17.78,4901,94,446
27,M,52,180,16.05,5968,85,543
21,F,52,170,17.99,4705,71,428
51,F,52,156,21.37,5135,100,467
21,F,62,167,22.23,4785,89,435
44,M,52,182,15.7,5305,77,482
21,M,52,173,17.37,5924,81,539
32,F,62,179,19.35,5205,97,473
24,F,72,171,24.62,5528,100,503
34,M,72,175,23.51,4750,65,432
51,F,72,166,26.13,5352,64,487
22,F,52,174,17.18,5250,92,477
55,M,62,174,20.48,4807,79,437
20,M,52,176,16.79,5702,100,518
20,F,72,164,26.77,4987,80,453
21,M,52,174,17.18,5195,62,472
34,M,72,185,21.04,5381,87,489
60,F,72,185,21.04,4501,73,409
28,F,72,155,29.97,5456,89,496
56,M,72,176,23.24,4657,63,423
50,M,62,167,22.23,5960,78,542
54,F,72,160,28.13,5282,78,480
31,M,62,158,24.84,4509,63,410
54,M,62,180,19.14,5712,63,519
45,F,62,175,20.24,5503,76,500
29,M,72,160,28.13,5314,100,483
59,M,72,185,21.04,5984,93,544
23,M,62,178,19.57,5893,73,536
52,M,62,184,18.31,5994,63,545
45,M,72,164,26.77,4940,66,449
47,F,72,158,28.84,5764,68,524
60,F,62,165,22.77,4720,60,429
34,M,62,160,24.22,5590,91,508
30,M,52,170,17.99,5779,79,525
55,F,72,183,21.5,5661,73,515
55,F,72,163,27.1,5478,78,498
31,F,72,168,25.51,5717,88,520
34,M,72,162,27.43,5964,105,542
45,F,72,157,29.21,5925,67,539
35,M,52,178,16.41,4595,83,418
32,F,52,171,17.78,5727,84,521
37,F,72,169,25.21,4683,63,426
37,M,72,177,22.98,5394,60,490
50,M,62,163,23.34,5554,69,505
51,F,62,181,18.92,5111,103,465
23,M,52,175,16.98,5815,77,529
33,F,72,155,29.97,4887,102,444
21,F,52,178,16.41,5148,95,468
47,F,62,179,19.35,4843,90,440
33,M,62,177,19.79,4615,62,420
31,M,62,168,21.97,5468,105,497
50,M,72,182,21.74,4532,91,412
20,M,72,158,28.84,5293,63,481
50,M,62,156,25.48,5947,70,541
42,F,62,170,21.45,4601,87,418
52,M,52,171,17.78,5561,97,506
35,F,72,165,26.45,5355,69,487
23,M,72,175,23.51,4960,61,451
41,M,62,166,22.5,5720,71,520
24,F,52,172,17.58,4994,60,454
25,F,72,155,29.97,5717,79,520
43,M,52,162,19.81,5530,60,503
46,F,52,177,16.6,5126,69,466
45,F,62,165,22.77,5426,64,493
27,F,52,171,17.78,5040,72,458
24,F,62,157,25.15,5628,82,512
40,M,72,182,21.74,5481,80,498
25,M,62,160,24.22,5707,87,519
46,F,62,182,18.72,4854,61,441
46,F,72,178,22.72,4612,63,419
40,F,52,160,20.31,5968,96,543
41,M,72,182,21.74,5016,82,456
20,M,72,179,22.47,4712,76,428
36,M,52,158,20.83,4796,88,436
38,F,52,179,16.23,5137,75,467
58,F,62,174,20.48,5673,94,516
36,M,72,182,21.74,5521,70,502
58,F,52,181,15.87,4778,72,434
35,F,52,159,20.57,5626,72,511
45,M,62,178,19.57,5422,83,493
49,F,62,172,20.96,5487,81,499
59,M,72,178,22.72,5541,87,504
35,M,52,173,17.37,5078,99,462
57,F,72,160,28.13,5691,94,517
36,M,62,177,19.79,5958,84,542
59,F,62,163,23.34,4821,61,438
23,M,52,169,18.21,5134,74,467
41,F,52,167,18.65,4715,63,429
26,M,62,168,21.97,5403,88,491
47,M,72,177,22.98,4978,86,453
44,M,72,175,23.51,4714,84,429
59,F,52,158,20.83,4777,68,434
59,M,72,177,22.98,5227,63,475
43,F,52,160,20.31,5036,79,458
29,M,52,161,20.06,5513,87,501
48,M,52,183,15.53,5783,77,526
21,F,52,158,20.83,5602,60,509
41,M,72,161,27.78,5335,99,485
28,M,72,162,27.43,5726,63,521
20,M,72,173,24.06,4971,92,452
36,M,72,163,27.1,5730,72,521
46,F,62,172,20.96,5737,78,522
49,M,52,156,21.37,4894,79,445
27,M,52,172,17.58,5042,61,458
40,F,62,164,23.05,5516,93,501
35,F,72,175,23.51,5523,68,502
33,M,72,177,22.98,5696,102,518
28,M,62,185,18.12,5144,93,468
47,M,52,167,18.65,5847,67,532
55,F,62,179,19.35,4643,80,422
27,M,72,173,24.06,5065,78,460
31,M,62,159,24.52,5001,105,455
31,M,62,158,24.84,4973,83,452
33,F,72,158,28.84,4556,64,414
50,M,52,164,19.33,5161,88,469
57,M,62,172,20.96,5506,95,501
20,F,72,182,21.74,5784,77,526
47,F,52,168,18.42,4562,93,415
31,F,52,168,18.42,4705,61,428
26,M,52,185,15.19,4881,92,444
44,F,72,155,29.97,5573,77,507
26,F,72,184,21.27,5891,105,536
31,F,72,159,28.48,5591,99,508
45,M,72,157,29.21,5877,91,534
54,M,72,178,22.72,5362,76,487
22,M,72,168,25.51,5783,92,526
30,F,62,168,21.97,5751,102,523
34,F,52,166,18.87,5426,71,493
20,M,52,173,17.37,4708,83,428
45,F,72,175,23.51,5698,84,518
60,F,62,157,25.15,4568,100,415
21,F,62,166,22.5,4524,79,411
52,F,62,172,20.96,5956,80,541
23,F,72,168,25.51,5800,103,527
25,M,62,167,22.23,5636,95,512
56,M,62,161,23.92,5848,91,532
47,F,72,159,28.48,4684,92,426
20,M,62,158,24.84,4946,60,450
49,F,62,177,19.79,4582,63,417
42,M,52,177,16.6,4871,65,443
41,M,52,164,19.33,5768,69,524
45,M,72,158,28.84,4654,63,423
25,F,62,159,24.52,4605,83,419
40,F,72,156,29.59,5568,68,506
33,F,72,162,27.43,4965,89,451
52,F,62,159,24.52,5113,66,465
38,M,72,185,21.04,4777,104,434
22,F,72,158,28.84,5577,74,507
60,M,72,165,26.45,4598,82,418
40,M,72,167,25.82,5915,88,538
53,M,52,180,16.05,5076,82,461
23,M,62,176,20.02,4810,90,437
53,M,62,171,21.2,5249,83,477
27,F,72,174,23.78,5539,80,504
60,M,62,185,18.12,5879,102,534
45,F,62,185,18.12,5568,103,506
36,F,72,158,28.84,4952,73,450
27,F,52,156,21.37,5265,72,479
56,M,72,164,26.77,5703,98,518
27,M,52,158,20.83,5787,93,526
50,M,72,170,24.91,5908,68,537
34,F,72,173,24.06,5870,105,534
34,F,72,164,26.77,4513,70,410
44,M,72,183,21.5,4946,72,450
23,F,72,161,27.78,5419,97,493
33,F,52,168,18.42,5372,61,488
56,F,52,174,17.18,5538,88,503
46,M,52,169,18.21,5408,101,492
43,F,62,184,18.31,5480,79,498
41,M,52,155,21.64,5151,86,468
41,M,62,169,21.71,5073,101,461
30,F,62,156,25.48,5823,75,529
35,F,72,170,24.91,5426,87,493
43,F,62,164,23.05,5309,74,483
26,F,52,155,21.64,5502,77,500
54,M,62,174,20.48,4891,102,445
32,F,62,159,24.52,5090,91,463
24,F,72,157,29.21,5474,97,498
29,F,72,156,29.59,4887,93,444
21,M,62,177,19.79,5352,98,487
48,M,72,157,29.21,4652,86,423
40,F,62,163,23.34,5789,73,526
46,F,52,181,15.87,5625,69,511
32,M,52,172,17.58,5251,87,477
30,F,72,171,24.62,5210,97,474
51,M,72,163,27.1,4637,87,422
39,F,72,172,24.34,5766,91,524
44,M,62,185,18.12,4771,73,434
59,F,62,176,20.02,5237,61,476
38,F,72,155,29.97,5612,90,510
28,F,72,172,24.34,4969,71,452
32,M,62,184,18.31,6000,96,545
27,F,72,165,26.45,5084,76,462
52,F,62,156,25.48,4918,82,447
20,F,72,171,24.62,5490,94,499
26,M,62,167,22.23,5361,83,487
31,F,52,180,16.05,4891,99,445
44,F,52,182,15.7,5690,102,517
29,M,72,162,27.43,5516,90,501
33,F,72,169,25.21,5057,83,460
39,F,72,161,27.78,5194,66,472
24,M,72,180,22.22,5409,70,492
30,F,52,163,19.57,5802,67,527
26,M,72,168,25.51,5486,69,499
40,F,72,177,22.98,5676,65,516
42,M,72,172,24.34,5320,77,484
52,M,62,156,25.48,5172,84,470
43,M,62,168,21.97,5532,101,503
39,F,62,175,20.24,4502,76,409
47,M,62,182,18.72,5148,83,468
39,M,52,166,18.87,4661,96,424
50,F,62,166,22.5,4637,90,422
53,M,62,157,25.15,4751,100,432
37,M,62,159,24.52,5668,97,515
31,M,62,179,19.35,5340,87,485
30,M,62,183,18.51,5595,70,509
41,M,62,185,18.12,5139,100,467
37,M,62,165,22.77,5747,69,522
21,F,62,158,24.84,5186,88,471
50,M,72,172,24.34,5797,61,527
56,M,62,160,24.22,5266,73,479
38,F,72,159,28.48,4791,102,436
47,F,62,169,21.71,5227,102,475
29,F,52,171,17.78,5947,82,541
52,M,62,156,25.48,5349,89,486
28,M,52,156,21.37,5374,91,489
47,M,72,165,26.45,4635,61,421
59,F,52,174,17.18,5713,70,519
35,M,62,174,20.48,4505,96,410
52,M,52,172,17.58,5286,76,481
23,F,72,177,22.98,5164,105,469
26,M,62,175,20.24,5946,60,541
45,F,62,178,19.57,4631,69,421
21,M,72,185,21.04,5388,83,490
59,M,62,165,22.77,5695,86,518
38,F,52,158,20.83,5683,85,517
24,F,62,182,18.72,5937,69,540
46,F,72,161,27.78,4921,93,447
48,F,52,171,17.78,5514,99,501
46,F,72,169,25.21,5867,87,533
55,M,72,168,25.51,5751,101,523
53,M,62,165,22.77,5777,83,525
27,M,72,170,24.91,5450,87,495
43,F,52,172,17.58,5979,93,544
37,M,52,163,19.57,5127,67,466
36,F,72,159,28.48,4729,79,430
20,F,62,179,19.35,4581,67,416
59,M,72,185,21.04,5953,92,541
42,F,62,180,19.14,4726,61,430
41,F,52,163,19.57,5799,92,527
48,M,72,180,22.22,4574,65,416
49,M,72,169,25.21,5304,73,482
43,F,72,180,22.22,5013,79,456
21,M,72,162,27.43,4849,95,441
44,M,72,155,29.97,5842,93,531
45,M,52,170,17.99,5561,81,506
49,F,52,159,20.57,5433,95,494
45,M,72,176,23.24,5672,88,516
55,M,72,184,21.27,5505,67,500
20,F,72,176,23.24,4507,98,410
29,M,72,155,29.97,5643,67,513
41,M,62,164,23.05,5380,78,489
31,M,72,155,29.97,5306,69,482
37,F,62,174,20.48,5149,76,468
60,F,52,163,19.57,5541,100,504
48,M,72,185,21.04,5624,95,511
20,F,62,179,19.35,5171,78,470
21,M,52,169,18.21,5378,70,489
37,F,62,160,24.22,4640,86,422
45,M,52,164,19.33,4774,81,434
20,F,62,180,19.14,5917,82,538
57,F,52,158,20.83,4618,83,420
42,F,72,185,21.04,5414,100,492
23,F,52,183,15.53,4858,79,442
27,M,62,171,21.2,4885,93,444
36,M,62,174,20.48,5762,103,524
31,M,62,167,22.23,5330,74,485
30,F,62,155,25.81,5495,68,500
37,F,72,180,22.22,5647,83,513
21,M,62,157,25.15,4726,95,430
55,F,72,179,22.47,5385,75,490
44,M,72,174,23.78,5292,68,481
37,M,72,184,21.27,5407,64,492
42,F,72,162,27.43,5781,61,526
45,M,62,174,20.48,4504,87,409
57,F,52,155,21.64,5874,101,534
57,F,62,178,19.57,4664,101,424
27,F,72,185,21.04,5078,105,462
20,M,62,175,20.24,4905,72,446
26,M,72,181,21.98,4885,101,444
30,M,52,180,16.05,5249,66,477
26,F,72,166,26.13,5426,69,493
39,F,62,165,22.77,5732,74,521
21,M,52,179,16.23,5232,80,476
45,M,52,175,16.98,5254,82,478
22,M,62,163,23.34,4776,92,434
37,M,52,185,15.19,5273,100,479
23,F,62,168,21.97,4894,90,445
53,M,52,179,16.23,5673,85,516
31,F,52,170,17.99,4586,75,417
55,M,72,171,24.62,5022,90,457
22,F,62,157,25.15,5042,76,458
25,F,52,161,20.06,4973,73,452
53,M,72,180,22.22,5471,72,497
51,F,62,155,25.81,5423,101,493
48,M,52,172,17.58,4642,62,422
47,M,62,180,19.14,5266,60,479
21,M,72,161,27.78,5251,74,477
36,F,62,162,23.62,4789,79,435
37,F,62,184,18.31,5598,66,509
28,M,52,179,16.23,5873,76,534
57,M,62,174,20.48,5339,75,485
26,M,62,169,21.71,5196,80,472
36,M,62,177,19.79,4552,97,414
30,F,72,163,27.1,5197,88,472
53,M,52,157,21.1,5323,86,484
48,M,52,174,17.18,5030,71,457
37,F,52,183,15.53,5775,100,525
34,M,52,185,15.19,4653,88,423
59,M,72,168,25.51,4607,98,419
22,M,62,184,18.31,5758,96,523
44,F,72,162,27.43,5434,92,494
42,F,52,177,16.6,5284,101,480
35,M,72,157,29.21,5672,72,516
46,F,62,165,22.77,5991,60,545
57,M,62,184,18.31,5934,104,539
51,M,72,182,21.74,5831,79,530
43,F,72,182,21.74,4579,68,416
59,F,72,167,25.82,4938,103,449
52,F,72,179,22.47,4807,75,437
53,M,72,159,28.48,4645,68,422
29,F,72,169,25.21,4592,93,417
47,F,62,171,21.2,5135,100,467
54,M,62,169,21.71,5606,83,510
43,F,72,165,26.45,4862,96,442
35,F,52,158,20.83,5690,105,517
33,M,72,184,21.27,5646,71,513
58,M,62,165,22.77,5965,65,542
40,M,72,176,23.24,5571,88,506
43,F,72,157,29.21,4886,104,444
27,F,72,162,27.43,5820,89,529
44,M,62,155,25.81,5310,99,483
45,F,72,158,28.84,4737,105,431
58,M,72,157,29.21,5978,102,543
27,M,72,166,26.13,5227,86,475
24,M,62,182,18.72,5381,99,489
42,F,72,164,26.77,5076,61,461
60,F,72,169,25.21,5127,74,466
25,F,62,167,22.23,5861,86,533
55,M,72,163,27.1,5942,92,540
50,M,72,174,23.78,5195,80,472
29,M,52,182,15.7,5497,72,500
36,M,52,184,15.36,5613,96,510
40,M,72,161,27.78,5470,63,497
42,F,62,177,19.79,5373,97,488
44,M,62,185,18.12,4665,94,424
57,F,62,175,20.24,5182,94,471
39,F,72,184,21.27,5228,85,475
22,M,62,170,21.45,5689,62,517
53,M,72,170,24.91,5909,84,537
53,M,72,184,21.27,5160,61,469
44,F,52,166,18.87,5885,98,535
40,F,52,166,18.87,4564,78,415
23,F,62,174,20.48,5461,87,496
51,M,62,185,18.12,5441,73,495
30,F,72,182,21.74,5384,74,489
59,M,62,165,22.77,4625,98,420
55,F,62,164,23.05,5100,103,464
35,M,62,182,18.72,4910,60,446
41,M,52,178,16.41,5996,88,545
50,M,62,165,22.77,4724,84,429
41,F,72,167,25.82,5427,86,493
25,M,52,162,19.81,4527,93,412
34,F,72,162,27.43,4965,85,451
48,F,72,164,26.77,5476,72,498
46,M,52,172,17.58,4810,60,437
40,M,52,155,21.64,5912,66,537
20,M,72,182,21.74,4588,96,417
32,F,72,182,21.74,5748,92,523
40,F,72,173,24.06,5254,67,478
54,M,72,176,23.24,5561,84,506
22,M,62,180,19.14,4753,83,432
23,M,72,159,28.48,5043,98,458
21,F,62,159,24.52,4802,104,437
21,M,52,156,21.37,5163,68,469
53,F,62,164,23.05,5473,70,498
30,F,62,177,19.79,4746,98,431
55,M,62,176,20.02,5934,75,539
48,M,62,175,20.24,4729,60,430
28,F,52,181,15.87,4865,63,442
39,M,62,169,21.71,5529,93,503
28,M,72,163,27.1,5923,82,538
23,M,62,159,24.52,5956,87,541
28,F,72,182,21.74,4949,71,450
58,M,52,182,15.7,5734,66,521
46,F,62,171,21.2,5306,67,482
47,F,62,177,19.79,5880,83,535
29,M,52,159,20.57,5473,88,498
52,F,62,164,23.05,5228,102,475
47,M,72,157,29.21,5584,104,508
53,M,72,180,22.22,5112,73,465
33,F,72,183,21.5,5994,103,545
29,M,72,170,24.91,5989,71,544
38,M,52,175,16.98,5482,80,498
36,F,72,164,26.77,5596,95,509
24,M,72,164,26.77,5018,88,456
21,M,52,157,21.1,5247,76,477
57,F,62,156,25.48,5070,96,461
25,F,52,156,21.37,5473,96,498
32,F,72,170,24.91,5415,98,492
54,F,62,163,23.34,4997,93,454
20,F,72,169,25.21,4517,86,411
29,M,72,157,29.21,5674,80,516
32,F,72,173,24.06,5507,96,501
33,F,62,156,25.48,4923,93,448
57,F,72,172,24.34,4817,101,438
25,M,62,172,20.96,5658,75,514
30,M,52,179,16.23,5335,88,485
50,F,62,167,22.23,4630,98,421
26,M,52,158,20.83,4547,72,413
23,M,52,161,20.06,4705,89,428
46,M,72,166,26.13,5634,65,512
54,F,62,183,18.51,4684,64,426
43,F,62,164,23.05,4934,79,449
33,M,52,185,15.19,4684,81,426
37,F,62,185,18.12,5341,89,486
39,F,72,157,29.21,5215,102,474
56,F,62,184,18.31,5078,80,462
41,M,62,181,18.92,5651,87,514
23,F,62,171,21.2,4972,78,452
36,F,72,181,21.98,5677,94,516
47,M,62,167,22.23,4826,80,439
58,M,62,180,19.14,4994,83,454
21,F,62,155,25.81,4743,64,431
44,M,72,173,24.06,5115,94,465
43,M,62,155,25.81,5241,78,476
52,F,52,168,18.42,5785,104,526
37,F,72,169,25.21,5148,68,468
21,M,52,167,18.65,5406,95,491
50,F,52,172,17.58,5895,87,536
48,F,52,167,18.65,5620,60,511
46,M,62,182,18.72,5243,103,477
60,F,52,167,18.65,4830,99,439
50,F,62,181,18.92,5756,70,523
60,F,72,171,24.62,5001,62,455
30,F,62,170,21.45,5894,66,536
60,F,62,181,18.92,5147,73,468
36,F,72,170,24.91,4565,65,415
42,F,52,162,19.81,4616,91,420
59,F,72,182,21.74,5586,64,508
49,M,52,175,16.98,5653,61,514
48,F,72,176,23.24,5180,66,471
20,F,62,178,19.57,5470,69,497
30,F,72,182,21.74,5615,61,510
53,M,52,171,17.78,5627,89,512
39,F,72,160,28.13,4697,93,427
56,M,62,175,20.24,4701,67,427
56,M,62,175,20.24,5214,61,474
56,M,72,176,23.24,5354,69,487
32,M,62,181,18.92,5779,102,525
35,F,62,163,23.34,5865,90,533
21,F,62,168,21.97,5585,87,508
27,F,62,185,18.12,5914,100,538
58,M,72,181,21.98,4689,62,426
22,F,62,164,23.05,5733,66,521
53,F,52,181,15.87,4659,72,424
57,M,62,165,22.77,5523,79,502
44,F,62,167,22.23,4595,101,418
38,M,72,155,29.97,4746,69,431
28,M,72,170,24.91,5567,69,506
32,M,62,158,24.84,5334,67,485
52,M,72,170,24.91,5466,92,497
36,M,62,170,21.45,5649,65,514
27,F,52,185,15.19,5103,62,464
21,M,62,156,25.48,4927,63,448
31,F,52,177,16.6,5335,84,485
26,M,72,179,22.47,5289,99,481
30,F,72,159,28.48,4719,64,429
31,F,72,180,22.22,5380,99,489
30,M,52,184,15.36,5420,77,493
27,F,52,175,16.98,5397,61,491
42,M,72,166,26.13,5604,81,509
29,F,72,173,24.06,5877,65,534
31,M,72,181,21.98,5813,104,528
29,F,52,164,19.33,5497,93,500
20,M,62,180,19.14,5886,98,535
56,M,72,161,27.78,5493,85,499
34,F,62,165,22.77,4861,67,442
39,F,62,176,20.02,5966,100,542
38,F,72,184,21.27,4542,97,413
47,F,72,167,25.82,5051,82,459
23,M,62,157,25.15,5192,72,472
23,M,62,159,24.52,4599,77,418
58,F,62,182,18.72,5586,77,508
27,F,62,161,23.92,4542,79,413
38,F,52,182,15.7,4985,68,453
30,F,62,158,24.84,5948,80,541
42,M,72,157,29.21,5894,67,536
25,F,72,168,25.51,5194,82,472
48,M,72,177,22.98,4702,99,427
59,M,72,185,21.04,5230,75,475
54,F,52,163,19.57,5059,81,460
42,F,62,184,18.31,5857,72,532
55,F,62,169,21.71,5050,69,459
49,M,72,180,22.22,5744,78,522
53,M,62,160,24.22,4740,89,431
24,F,52,155,21.64,5825,98,530
36,M,62,184,18.31,4979,79,453
22,M,62,184,18.31,5023,63,457
57,M,52,170,17.99,5831,87,530
28,M,52,158,20.83,5168,95,470
52,F,52,157,21.1,5072,71,461
40,M,62,185,18.12,5096,81,463
32,F,62,184,18.31,5348,66,486
42,M,62,183,18.51,5575,93,507
44,F,62,171,21.2,5882,102,535
35,M,72,167,25.82,5281,65,480
37,F,72,169,25.21,5131,93,466
36,F,62,162,23.62,4682,76,426
27,M,62,178,19.57,5283,83,480
42,M,72,169,25.21,4603,61,418
23,M,62,162,23.62,4741,75,431
53,M,62,163,23.34,4990,88,454
51,F,62,185,18.12,5056,78,460
25,F,72,163,27.1,4635,76,421
36,F,62,180,19.14,4646,84,422
25,F,52,157,21.1,4672,73,425
29,F,52,180,16.05,5016,100,456
51,F,62,171,21.2,4865,94,442
49,M,62,168,21.97,5483,71,498
28,M,52,173,17.37,5277,91,480
58,F,72,174,23.78,5581,85,507
34,M,62,157,25.15,4983,79,453
56,F,62,176,20.02,5725,87,520
55,M,72,157,29.21,5499,84,500
44,M,72,160,28.13,5911,81,537
31,F,72,179,22.47,5290,85,481
21,M,72,175,23.51,5147,92,468
59,M,72,157,29.21,4763,90,433
32,F,52,159,20.57,5852,68,532
38,M,62,162,23.62,5127,92,466
20,M,52,158,20.83,5527,80,502
59,F,52,169,18.21,5054,63,459
22,F,52,184,15.36,5098,105,463
49,M,72,166,26.13,5838,84,531
22,M,72,166,26.13,5828,84,530
42,M,52,170,17.99,5214,71,474
30,M,62,185,18.12,4726,85,430
53,F,62,160,24.22,5264,74,479
43,M,52,163,19.57,5117,82,465
23,F,62,174,20.48,5647,100,513
35,M,62,157,25.15,4680,82,425
28,F,72,185,21.04,5132,80,467
51,M,72,177,22.98,5637,61,512
38,F,72,181,21.98,5065,96,460
54,F,62,166,22.5,5058,101,460
20,M,62,170,21.45,4640,67,422
51,F,62,179,19.35,4746,70,431
26,F,72,173,24.06,5291,72,481
59,M,52,166,18.87,5417,97,492
27,M,62,158,24.84,5803,94,528
23,M,72,161,27.78,4729,70,430
47,F,52,156,21.37,5167,74,470
46,F,52,163,19.57,4797,81,436
36,M,72,164,26.77,5701,99,518
40,M,72,157,29.21,5405,61,491
41,M,62,167,22.23,5942,60,540
25,F,52,170,17.99,5368,89,488
20,F,52,159,20.57,4751,73,432
46,M,52,160,20.31,5953,75,541
53,M,72,177,22.98,5437,60,494
57,M,62,185,18.12,5490,93,499
32,M,72,165,26.45,5332,93,485
60,F,72,171,24.62,5333,92,485
59,M,72,178,22.72,5982,75,544
40,F,72,182,21.74,5848,72,532
47,F,72,174,23.78,4645,62,422
49,F,62,168,21.97,4622,69,420
21,M,62,156,25.48,5830,102,530
43,M,62,164,23.05,5905,64,537
26,M,72,165,26.45,4845,93,440
25,M,62,166,22.5,5933,105,539
45,M,62,178,19.57,5502,61,500
42,F,72,182,21.74,4849,100,441
25,F,62,159,24.52,5993,76,545
43,F,52,173,17.37,5612,71,510
50,F,72,160,28.13,5675,74,516
29,M,72,165,26.45,4573,91,416
52,M,62,176,20.02,4819,81,438
24,M,72,166,26.13,4568,85,415
47,F,72,155,29.97,5395,67,490
59,F,52,176,16.79,5979,78,544
28,F,52,171,17.78,4523,92,411
35,M,62,182,18.72,5463,94,497
53,M,52,163,19.57,5310,62,483
26,F,52,184,15.36,5125,66,466
31,M,72,182,21.74,5037,95,458
58,M,62,185,18.12,4822,102,438
25,M,52,166,18.87,5846,93,531
55,M,52,161,20.06,5588,70,508
28,M,52,167,18.65,5947,93,541
40,F,62,162,23.62,5404,67,491
31,F,62,168,21.97,5527,101,502
40,F,62,162,23.62,4796,89,436
55,M,62,178,19.57,5178,87,471
43,M,72,184,21.27,5390,100,490
33,M,62,184,18.31,4653,88,423
55,F,72,177,22.98,4987,64,453
40,F,62,177,19.79,4922,105,447
53,F,52,170,17.99,4739,76,431
37,F,62,158,24.84,4904,96,446
38,M,52,175,16.98,4915,94,447
39,M,62,182,18.72,4603,101,418
27,M,62,181,18.92,4925,73,448
56,M,62,172,20.96,5127,62,466
44,M,72,172,24.34,5681,94,516
25,F,62,161,23.92,5780,100,525
54,F,72,174,23.78,4925,65,448
45,F,72,182,21.74,4837,95,440
21,F,52,159,20.57,5267,90,479
28,F,72,157,29.21,5371,66,488
47,M,52,165,19.1,4801,104,436
29,M,62,169,21.71,5544,80,504
31,M,72,172,24.34,5427,73,493
35,F,52,162,19.81,5068,101,461
57,F,72,171,24.62,5605,104,510
37,M,72,182,21.74,4601,95,418
25,M,62,176,20.02,5284,66,480
38,F,52,174,17.18,5549,67,504
28,F,72,171,24.62,5798,92,527
22,M,72,155,29.97,5472,86,497
52,F,62,165,22.77,5899,86,536
60,F,72,166,26.13,5097,61,463
28,F,62,165,22.77,5588,99,508
24,F,52,177,16.6,4666,77,424
50,F,72,185,21.04,5390,102,490
37,F,62,157,25.15,5040,80,458
43,F,62,160,24.22,5929,83,539
46,M,72,156,29.59,4830,83,439
50,F,52,183,15.53,5657,79,514
33,M,62,177,19.79,4627,88,421
45,F,62,157,25.15,4608,104,419
37,F,72,162,27.43,5522,71,502
48,F,72,169,25.21,5455,65,496
58,F,72,157,29.21,5881,60,535
32,M,72,162,27.43,5425,71,493
49,M,62,177,19.79,5015,79,456
23,F,52,171,17.78,4872,60,443
60,M,72,164,26.77,5028,64,457
33,F,72,182,21.74,5296,96,481
34,F,62,182,18.72,5760,100,524
40,F,52,183,15.53,5422,68,493
26,F,72,158,28.84,5285,92,480
